{
  "p(-)": 0.471574,
  "unique_tokens": 742970,
  "p(+)": 0.528426,
  "negative_tokens": 9958878,
  "total_tokens": 20427759,
  "positive_tokens": 10468881
}